{
  "description": "Voice Recognition System - Training Data Structure",
  "required_structure": {
    "LibriSpeech/test-clean/": {
      "person1/": "Audio files for person 1 (any format: .flac, .wav, .mp3)",
      "person2/": "Audio files for person 2",
      "person3/": "Audio files for person 3"
    }
  },
  "usage_flow": [
    "1. Place training audio files in person directories",
    "2. Run training to create voice recognition model",
    "3. Upload new voice samples to test recognition"
  ],
  "file_formats": [
    "FLAC",
    "WAV",
    "MP3"
  ],
  "note": "Files can be in subdirectories within each person folder"
}